Tiempo_s,RPM,PWM
0.02,0,36
0.041,0,12
0.062,0,13
0.083,0,14
0.104,0,15
0.125,0,16
0.146,0,17
0.167,0,18
0.188,0,19
0.209,0,20
0.23,0,21
0.251,0,22
0.272,0,23
0.293,0,24
0.314,0,25
0.335,0,26
0.356,0,27
0.377,0,28
0.398,0,29
0.419,0,30
0.44,0,31
0.461,0,32
0.482,0,33
0.503,0,34
0.524,0,35
0.545,0,36
0.566,0,37
0.587,0,38
0.608,0,39
0.629,12.5,35
0.65,0,44
0.671,0,41
0.692,0,42
0.713,0,43
0.735,0,44
0.756,0,45
0.778,0,46
0.799,0,47
0.82,0,48
0.841,0,49
0.863,0,50
0.884,0,51
0.906,0,52
0.927,0,53
0.948,12.5,50
0.969,25,49
0.991,12.5,58
1.012,25,51
1.034,37.5,50
1.055,25,59
1.076,37.5,52
1.097,25,60
1.119,25,58
1.14,37.5,54
1.162,37.5,58
1.183,37.5,58
1.204,50,54
1.225,37.5,63
1.247,37.5,60
1.268,50,56
1.29,50,60
1.311,50,60
1.332,50,61
1.353,50,61
1.375,50,62
1.396,62.5,58
1.418,62.5,61
1.439,62.5,62
1.46,62.5,62
1.481,62.5,62
1.503,62.5,63
1.524,62.5,63
1.546,62.5,64
1.567,62.5,64
1.588,62.5,64
1.609,62.5,65
1.631,75,61
1.652,62.5,68
1.674,62.5,66
1.695,62.5,66
1.716,75,62
1.737,75,65
1.759,75,66
1.78,75,66
1.802,75,66
1.823,75,66
1.844,75,67
1.865,75,67
1.887,87.5,63
1.908,75,70
1.93,75,67
1.951,75,68
1.972,75,68
1.993,75,68
2.015,87.5,64
2.036,75,72
2.058,75,69
2.079,87.5,65
2.1,75,72
2.121,75,69
2.143,75,70
2.164,87.5,65
2.186,87.5,69
2.207,87.5,69
2.228,87.5,69
2.249,87.5,69
2.271,87.5,69
2.292,87.5,69
2.314,87.5,69
2.335,87.5,70
2.356,75,74
2.377,87.5,67
2.399,75,75
2.42,87.5,67
2.442,87.5,70
2.463,87.5,71
2.484,87.5,71
2.505,75,75
2.527,87.5,68
2.548,87.5,71
2.57,87.5,71
2.591,87.5,71
2.612,75,76
2.633,87.5,69
2.655,100,67
2.676,87.5,75
2.698,87.5,72
2.719,87.5,72
2.74,75,77
2.761,87.5,69
2.783,87.5,73
2.804,100,68
2.826,87.5,76
2.847,87.5,73
2.868,75,78
2.889,87.5,70
2.911,87.5,73
2.932,87.5,74
2.954,87.5,74
2.975,87.5,74
2.996,87.5,74
3.017,100,70
3.039,100,73
3.06,100,73
3.082,100,73
3.103,100,73
3.124,87.5,77
3.145,87.5,74
3.167,87.5,74
3.188,87.5,74
3.21,100,70
3.231,100,73
3.252,87.5,78
3.273,87.5,75
3.295,100,70
3.316,100,73
3.338,100,73
3.359,100,73
3.38,87.5,78
3.401,100,70
3.423,100,74
3.444,87.5,78
3.466,87.5,75
3.487,100,71
3.508,87.5,78
3.529,100,71
3.551,100,74
3.572,100,74
3.594,100,74
3.615,100,74
3.636,87.5,78
3.657,100,71
3.679,100,74
3.7,100,74
3.722,87.5,79
3.743,100,71
3.764,100,74
3.785,100,74
3.807,87.5,79
3.828,100,71
3.85,100,74
3.871,100,74
3.892,87.5,79
3.913,100,71
3.935,100,74
3.956,87.5,79
3.978,100,71
3.999,100,75
4.02,87.5,79
4.041,87.5,76
4.063,100,72
4.084,100,75
4.106,100,75
4.127,100,75
4.148,87.5,79
4.169,100,72
4.191,100,75
4.212,100,75
4.234,100,75
4.255,87.5,79
4.276,100,72
4.297,100,75
4.319,100,75
4.34,100,75
4.362,100,75
4.383,100,75
4.404,100,75
4.425,100,75
4.447,100,75
4.468,100,75
4.49,100,75
4.511,100,75
4.532,87.5,80
4.553,100,72
4.575,100,75
4.596,100,75
4.618,100,75
4.639,100,75
4.66,100,75
4.681,100,75
4.703,100,75
4.724,100,75
4.746,100,75
4.767,100,75
4.788,100,75
4.809,100,75
4.831,100,75
4.852,100,75
4.874,100,75
4.895,100,75
4.916,100,75
4.937,100,75
4.959,100,75
4.98,100,75
5.002,100,75
5.023,100,75
5.044,87.5,80
5.065,100,72
5.087,100,75
5.108,87.5,80
5.13,100,72
5.151,100,75
5.172,100,75
5.193,100,75
5.215,100,75
5.236,100,75
5.258,100,75
5.279,112.5,71
5.3,100,78
5.321,100,75
5.343,100,75
5.364,100,75
5.386,100,75
5.407,100,75
5.428,87.5,80
5.449,100,72
5.471,100,75
5.492,100,75
5.514,112.5,71
5.535,100,78
5.556,100,75
5.577,100,75
5.599,100,75
5.62,100,75
5.642,100,75
5.663,100,75
5.684,100,75
5.705,112.5,71
5.727,100,78
5.748,87.5,80
5.77,100,72
5.791,100,75
5.812,100,75
5.833,100,75
5.855,100,75
5.876,100,75
5.898,100,75
5.919,100,75
5.94,100,75
5.961,100,75
5.983,100,75
6.004,100,75
6.026,100,75
6.047,100,75
6.068,87.5,80
6.089,100,72
6.111,100,75
6.132,100,75
6.154,100,75
6.175,100,75
6.196,100,75
6.217,112.5,71
6.239,100,78
6.26,100,75
6.282,100,75
6.303,100,75
6.324,100,75
6.345,100,75
6.367,100,75
6.388,100,75
6.41,100,75
6.431,112.5,71
6.452,100,78
6.473,100,75
6.495,100,75
6.516,100,75
6.538,100,75
6.559,100,75
6.58,100,75
6.601,100,75
6.623,100,75
6.644,100,75
6.666,100,75
6.687,100,75
6.708,100,75
6.729,100,75
6.751,100,75
6.772,100,75
6.794,112.5,71
6.815,100,78
6.836,87.5,80
6.857,112.5,68
6.879,100,78
6.9,87.5,80
6.922,100,72
6.943,100,75
6.964,100,75
6.985,100,75
7.007,100,75
7.028,100,75
7.05,100,75
7.071,100,75
7.092,100,75
7.113,100,75
7.135,87.5,80
7.156,100,72
7.178,100,75
7.199,100,75
7.22,87.5,80
7.241,100,72
7.263,100,75
7.284,100,75
7.306,112.5,71
7.327,100,78
7.348,87.5,80
7.369,100,72
7.391,100,75
7.412,100,75
7.434,112.5,71
7.455,100,78
7.476,87.5,80
7.497,100,72
7.519,112.5,71
7.54,100,78
7.562,87.5,80
7.583,87.5,77
7.604,87.5,77
7.625,87.5,77
7.647,87.5,77
7.668,75,82
7.69,75,79
7.711,75,79
7.732,62.5,84
7.753,62.5,81
7.775,62.5,82
7.796,62.5,82
7.818,62.5,82
7.839,62.5,83
7.86,62.5,83
7.881,62.5,83
7.903,62.5,84
7.924,62.5,84
7.946,62.5,85
7.967,62.5,85
7.988,50,90
8.009,62.5,83
8.031,50,91
8.052,50,88
8.074,37.5,93
8.095,37.5,91
8.116,37.5,91
8.137,37.5,92
8.159,37.5,92
8.18,37.5,93
8.202,25,98
8.223,37.5,91
8.244,37.5,95
8.265,25,100
8.287,25,98
8.308,25,99
8.33,37.5,95
8.351,37.5,99
8.372,37.5,99
8.393,50,95
8.415,50,99
8.436,50,99
8.458,62.5,95
8.479,50,103
8.5,50,101
8.521,62.5,97
8.543,75,96
8.564,75,99
8.586,62.5,104
8.607,75,97
8.628,75,100
8.649,75,100
8.671,75,101
8.692,75,101
8.714,62.5,106
8.735,75,98
8.756,50,111
8.777,62.5,100
8.799,62.5,104
8.82,62.5,104
8.842,62.5,105
8.863,62.5,105
8.884,62.5,105
8.905,75,101
8.927,62.5,109
8.948,75,102
8.97,75,105
8.991,75,106
9.012,75,106
9.033,75,106
9.055,87.5,102
9.076,75,110
9.098,87.5,102
9.119,87.5,105
9.14,75,110
9.161,87.5,103
9.183,75,110
9.204,75,108
9.226,75,108
9.247,75,108
9.268,62.5,113
9.289,62.5,110
9.311,62.5,110
9.332,75,106
9.354,75,110
9.375,87.5,105
9.396,75,113
9.417,87.5,106
9.439,75,114
9.46,87.5,106
9.482,87.5,109
9.503,87.5,110
9.524,87.5,110
9.545,87.5,110
9.567,87.5,110
9.588,75,115
9.61,75,112
9.631,87.5,107
9.652,75,115
9.673,75,112
9.695,75,113
9.716,75,113
9.738,75,113
9.759,75,113
9.78,75,114
9.801,87.5,109
9.823,100,108
9.844,87.5,116
9.866,87.5,113
9.887,87.5,113
9.908,87.5,113
9.929,100,109
9.951,87.5,116
9.972,87.5,113
9.994,87.5,113
10.015,75,118
10.036,75,115
10.057,87.5,111
10.079,75,119
10.1,87.5,111
10.122,100,110
10.143,87.5,118
10.164,87.5,115
10.185,100,110
10.207,100,113
10.228,100,113
10.25,87.5,118
10.271,87.5,115
10.292,87.5,115
10.313,87.5,115
10.335,87.5,115
10.356,87.5,115
10.378,87.5,115
10.399,87.5,116
10.42,87.5,116
10.441,87.5,116
10.463,87.5,116
10.484,87.5,116
10.506,100,112
10.527,112.5,110
10.548,100,118
10.569,100,115
10.591,100,115
10.612,100,115
10.634,87.5,119
10.655,100,112
10.676,87.5,119
10.697,87.5,116
10.719,87.5,116
10.74,100,112
10.762,87.5,120
10.783,87.5,117
10.804,87.5,117
10.825,100,112
10.847,100,116
10.868,112.5,111
10.89,100,119
10.911,87.5,120
10.932,87.5,117
10.953,87.5,117
10.975,87.5,117
10.996,87.5,117
11.018,87.5,117
11.039,87.5,118
11.06,100,113
11.081,100,116
11.103,100,116
11.124,100,116
11.146,100,116
11.167,100,116
11.188,100,116
11.209,100,116
11.231,100,116
11.252,100,116
11.274,100,116
11.295,87.5,121
11.316,87.5,118
11.337,100,113
11.359,100,117
11.38,87.5,121
11.402,100,114
11.423,100,117
11.444,100,117
11.465,112.5,112
11.487,112.5,115
11.508,100,120
11.53,100,116
11.551,112.5,112
11.572,87.5,124
11.593,100,113
11.615,100,116
11.636,100,116
11.658,100,116
11.679,100,116
11.7,87.5,121
11.721,87.5,118
11.743,100,114
11.764,100,117
11.786,100,117
11.807,100,117
11.828,100,117
11.849,100,117
11.871,100,117
11.892,100,117
11.914,100,117
11.935,100,117
11.956,87.5,121
11.977,87.5,118
11.999,100,114
12.02,100,117
12.042,100,117
12.063,100,117
12.084,100,117
12.105,100,117
12.127,100,117
12.148,100,117
12.17,100,117
12.191,100,117
12.212,87.5,121
12.233,87.5,118
12.255,87.5,119
12.276,87.5,119
12.298,87.5,119
12.319,87.5,119
12.34,87.5,119
12.361,100,115
12.383,100,118
12.404,112.5,113
12.426,112.5,116
12.447,112.5,116
12.468,100,121
12.489,100,117
12.511,100,117
12.532,100,117
12.554,100,117
12.575,100,117
12.596,87.5,122
12.617,87.5,119
12.639,100,115
12.66,100,118
12.682,87.5,122
12.703,100,115
12.724,100,118
12.745,112.5,113
12.767,100,121
12.788,100,118
12.81,100,118
12.831,87.5,122
12.852,87.5,119
12.873,100,115
12.895,100,118
12.916,100,118
12.938,100,118
12.959,100,118
12.98,100,118
13.001,100,118
13.023,100,118
13.044,100,118
13.066,112.5,113
13.087,112.5,116
13.108,112.5,116
13.129,125,112
13.151,112.5,119
13.172,125,111
13.194,125,114
13.215,137.5,109
13.236,125,117
13.257,137.5,109
13.279,150,107
13.3,150,110
13.322,137.5,114
13.343,150,106
13.364,137.5,113
13.385,150,105
13.407,137.5,112
13.428,150,104
13.45,150,107
13.471,150,106
13.492,137.5,110
13.513,150,102
13.535,137.5,109
13.556,150,101
13.578,150,104
13.599,137.5,108
13.62,137.5,104
13.641,137.5,104
13.663,150,99
13.684,150,102
13.706,137.5,106
13.727,137.5,102
13.748,137.5,102
13.769,150,97
13.791,150,100
13.812,137.5,104
13.834,137.5,100
13.855,137.5,100
13.876,125,104
13.897,137.5,96
13.919,137.5,99
13.94,137.5,98
13.962,137.5,98
13.983,137.5,98
14.004,137.5,97
14.025,137.5,97
14.047,137.5,96
14.068,137.5,96
14.09,125,100
14.111,137.5,92
14.132,125,100
14.153,137.5,92
14.175,125,99
14.196,125,96
14.218,137.5,91
14.239,137.5,94
14.26,112.5,102
14.281,137.5,87
14.303,137.5,93
14.324,137.5,92
14.346,137.5,92
14.367,137.5,92
14.388,125,96
14.409,125,92
14.431,125,92
14.452,125,92
14.474,125,92
14.495,125,91
14.516,112.5,96
14.537,125,88
14.559,125,91
14.58,125,90
14.602,125,90
14.623,125,90
14.644,112.5,94
14.665,125,86
14.687,112.5,94
14.708,125,86
14.73,125,89
14.751,125,89
14.772,112.5,93
14.793,112.5,90
14.815,125,85
14.836,125,88
14.858,112.5,92
14.879,125,84
14.9,112.5,92
14.921,125,84
14.943,125,87
14.964,125,87
14.986,112.5,91
15.007,112.5,88
15.028,112.5,88
15.049,125,83
15.071,112.5,90
15.092,112.5,87
15.114,112.5,87
15.135,125,82
15.156,112.5,90
15.177,112.5,86
15.199,112.5,86
15.22,112.5,86
15.242,112.5,86
15.263,112.5,86
15.284,112.5,86
15.305,112.5,86
15.327,112.5,86
15.348,112.5,85
15.37,125,81
15.391,112.5,88
15.412,112.5,85
15.433,112.5,85
15.455,112.5,85
15.476,125,80
15.498,112.5,87
15.519,112.5,84
15.54,100,89
15.561,112.5,81
15.583,112.5,84
15.604,112.5,84
15.626,112.5,84
15.647,112.5,84
15.668,100,88
15.689,112.5,80
15.711,112.5,83
15.732,112.5,83
15.754,100,88
15.775,112.5,80
15.796,112.5,83
15.817,112.5,83
15.839,112.5,83
15.86,100,87
15.882,112.5,79
15.903,112.5,82
15.924,100,87
15.945,112.5,79
15.967,112.5,82
15.988,112.5,82
16.01,112.5,82
16.031,112.5,82
16.052,100,86
16.073,112.5,79
16.095,100,86
16.116,112.5,78
16.138,112.5,81
16.159,112.5,81
16.18,100,86
16.201,100,83
16.223,100,83
16.244,112.5,78
16.266,112.5,81
16.287,100,85
16.308,100,82
16.329,100,82
16.351,100,82
16.372,112.5,78
16.394,112.5,81
16.415,112.5,81
16.436,112.5,81
16.457,112.5,80
16.479,112.5,80
16.5,112.5,80
16.522,112.5,80
16.543,100,84
16.564,100,81
16.585,112.5,77
16.607,112.5,80
16.628,112.5,80
16.65,100,84
16.671,100,81
16.692,112.5,76
16.713,112.5,79
16.735,100,84
16.756,100,81
16.778,100,81
16.799,112.5,76
16.82,100,84
16.841,100,81
16.863,112.5,76
16.884,100,84
16.906,100,80
16.927,100,80
16.948,112.5,76
16.969,112.5,79
16.991,100,83
17.012,100,80
17.034,100,80
17.055,100,80
17.076,87.5,85
17.097,112.5,73
17.119,112.5,79
17.14,100,83
17.162,100,80
17.183,100,80
17.204,100,80
17.225,112.5,76
17.247,100,83
17.268,100,80
17.29,100,80
17.311,100,80
17.332,100,80
17.353,112.5,75
17.375,112.5,78
17.396,100,83
17.418,100,80
17.439,112.5,75
17.46,100,83
17.481,100,80
17.503,100,80
17.524,112.5,75
17.546,112.5,78
17.567,100,82
17.588,100,79
17.609,112.5,75
17.631,100,82
17.652,100,79
17.674,112.5,75
17.695,112.5,78
17.716,100,82
17.737,112.5,74
17.759,100,82
17.78,100,79
17.802,112.5,74
17.823,100,82
17.844,100,79
17.865,100,79
17.887,100,79
17.908,100,79
17.93,112.5,74
17.951,100,82
17.972,100,79
17.993,100,79
18.015,100,79
18.036,112.5,74
18.058,100,82
18.079,100,78
18.1,87.5,83
18.121,100,75
18.143,100,79
18.164,112.5,74
18.186,100,82
18.207,100,78
18.228,87.5,83
18.249,100,75
18.271,112.5,74
18.292,100,82
18.314,100,78
18.335,100,78
18.356,100,78
18.377,112.5,74
18.399,100,81
18.42,100,78
18.442,100,78
18.463,100,78
18.484,87.5,83
18.505,100,75
18.527,112.5,74
18.548,100,81
18.57,100,78
18.591,100,78
18.612,100,78
18.633,100,78
18.655,100,78
18.676,112.5,74
18.698,100,81
18.719,100,78
18.74,100,78
18.761,100,78
18.783,100,78
18.804,100,78
18.826,100,78
18.847,100,78
18.868,100,78
18.889,100,78
18.911,100,78
18.932,100,78
18.954,112.5,74
18.975,100,81
18.996,87.5,83
19.017,100,75
19.039,112.5,74
19.06,100,81
19.082,100,78
19.103,100,78
19.124,100,78
19.145,100,78
19.167,100,78
19.188,100,78
19.21,100,78
19.231,112.5,74
19.252,100,81
19.273,100,78
19.295,100,78
19.316,100,78
19.338,100,78
19.359,100,78
19.38,100,78
19.401,100,78
19.423,100,78
19.444,100,78
19.466,112.5,73
19.487,100,81
19.508,87.5,82
19.529,100,75
19.551,112.5,73
19.572,100,81
19.594,100,78
19.615,100,78
19.636,100,78
19.657,100,78
19.679,112.5,73
19.7,100,81
19.722,100,78
19.743,100,78
19.764,100,78
19.785,100,78
19.807,100,78
19.828,100,78
19.85,100,78
19.871,100,78
19.892,100,78
19.913,100,78
19.935,100,78
19.956,100,78
19.978,100,78
19.999,100,78
20.02,100,78
20.041,112.5,73
20.063,100,81
20.084,100,78
20.106,100,78
20.127,100,78
20.148,100,78
20.169,87.5,82
20.191,100,75
20.212,100,78
20.234,100,78
20.255,100,78
20.276,87.5,82
20.297,100,75
20.319,87.5,82
20.34,100,75
20.362,100,78
20.383,100,78
20.404,100,78
20.425,100,78
20.447,100,78
20.468,100,78
20.49,100,78
20.511,100,78
20.532,100,78
20.553,100,78
20.575,100,78
20.596,100,78
20.618,100,78
20.639,100,78
20.66,100,78
20.681,100,78
20.703,100,78
20.724,100,78
20.746,100,78
20.767,87.5,82
20.788,100,75
20.809,112.5,74
20.831,100,81
20.852,100,78
20.874,100,78
20.895,100,78
20.916,87.5,82
20.937,100,75
20.959,112.5,74
20.98,100,81
21.002,100,78
21.023,100,78
21.044,100,78
21.065,100,78
21.087,100,78
21.108,100,78
21.13,100,78
21.151,100,78
21.172,100,78
21.193,112.5,73
21.215,100,81
21.236,100,78
21.258,100,78
21.279,100,78
21.3,100,78
21.321,112.5,73
21.343,100,81
21.364,100,78
21.386,100,78
21.407,100,78
21.428,100,78
21.449,112.5,73
21.471,100,81
21.492,100,78
21.514,100,78
21.535,100,78
21.556,100,78
21.577,100,78
21.599,100,78
21.62,100,78
21.642,100,78
21.663,100,78
21.684,100,78
21.705,100,78
21.727,100,78
21.748,100,78
21.77,100,78
21.791,100,78
21.812,87.5,82
21.833,100,75
21.855,100,78
21.876,100,78
21.898,100,78
21.919,100,78
21.94,100,78
21.961,100,78
21.983,100,78
22.004,100,78
22.026,100,78
22.047,100,78
22.068,87.5,82
22.089,100,75
22.111,112.5,73
22.132,100,81
22.154,100,78
22.175,100,78
22.196,100,78
22.217,100,78
22.239,100,78
22.26,100,78
22.282,100,78
22.303,100,78
22.324,100,78
22.345,100,78
22.367,100,78
22.388,100,78
22.41,100,78
22.431,100,78
22.452,100,78
22.473,100,78
22.495,100,78
22.516,100,78
22.538,100,78
22.559,100,78
22.58,87.5,82
22.601,100,75
22.623,100,78
22.644,112.5,73
22.666,100,81
22.687,100,78
22.708,100,78
22.729,100,78
22.751,100,78
22.772,100,78
22.794,100,78
22.815,100,78
22.836,100,78
22.857,100,78
22.879,100,78
22.9,100,78
22.922,100,78
22.943,100,78
22.964,87.5,82
22.985,100,75
23.007,100,78
23.028,100,78
23.05,100,78
23.071,100,78
23.092,87.5,82
23.113,100,75
23.135,100,78
23.156,100,78
23.178,100,78
23.199,100,78
23.22,87.5,82
23.241,100,75
23.263,100,78
23.284,100,78
23.306,100,78
23.327,100,78
23.348,87.5,83
23.369,87.5,80
23.391,87.5,80
23.412,87.5,80
23.434,87.5,80
23.455,75,85
23.476,62.5,86
23.497,75,79
23.519,75,82
23.54,75,83
23.562,62.5,87
23.583,62.5,85
23.604,62.5,85
23.625,62.5,85
23.647,62.5,86
23.668,62.5,86
23.69,50,91
23.711,50,88
23.732,50,89
23.753,37.5,94
23.775,50,87
23.796,37.5,95
23.818,37.5,92
23.839,37.5,93
23.86,37.5,94
23.881,37.5,94
23.903,37.5,95
23.924,37.5,96
23.946,37.5,96
23.967,37.5,97
23.988,37.5,97
24.009,37.5,98
24.031,37.5,99
24.052,50,95
24.074,50,98
24.095,62.5,94
24.116,50,102
24.137,62.5,95
24.159,62.5,99
24.18,62.5,99
24.202,75,95
24.223,75,98
24.244,62.5,103
24.265,75,96
24.287,75,99
24.308,75,100
24.33,62.5,104
24.351,62.5,102
24.372,50,106
24.393,50,104
24.415,62.5,100
24.436,50,108
24.458,50,105
24.479,62.5,101
24.5,62.5,105
24.521,62.5,105
24.543,50,110
24.564,62.5,103
24.586,62.5,106
24.607,62.5,107
24.628,62.5,107
24.649,75,103
24.671,75,106
24.692,75,107
24.714,75,107
24.735,87.5,103
24.756,75,110
24.777,75,107
24.799,75,108
24.82,75,108
24.842,62.5,113
24.863,75,105
24.884,62.5,113
24.905,75,106
24.927,62.5,114
24.948,75,107
24.97,62.5,115
24.991,62.5,112
25.012,62.5,112
25.033,75,108
25.055,87.5,107
25.076,87.5,110
25.098,87.5,110
25.119,87.5,110
25.14,87.5,111
25.161,87.5,111
25.183,87.5,111
25.204,75,115
25.226,75,113
25.247,75,113
25.268,62.5,118
25.289,62.5,115
25.311,62.5,115
25.332,62.5,116
25.354,62.5,116
25.375,62.5,116
25.396,62.5,117
25.417,62.5,117
25.439,75,113
25.46,75,116
25.482,75,117
25.503,75,117
25.524,75,117
25.545,87.5,113
25.567,75,121
25.588,75,118
25.61,75,118
25.631,75,118
25.652,62.5,123
25.673,75,116
25.695,75,119
25.716,75,119
25.738,75,120
25.759,75,120
25.78,75,120
25.801,75,120
25.823,75,121
25.844,87.5,116
25.866,87.5,120
25.887,87.5,120
25.908,100,115
25.929,100,118
25.951,100,118
25.972,100,118
25.994,100,118
26.015,87.5,123
26.036,75,124
26.057,75,122
26.079,75,122
26.1,75,122
26.122,75,122
26.143,75,123
26.164,75,123
26.185,75,123
26.207,75,123
26.228,87.5,119
26.25,87.5,122
26.271,87.5,122
26.292,87.5,123
26.313,87.5,123
26.335,87.5,123
26.356,87.5,123
26.378,87.5,123
26.399,87.5,123
26.42,87.5,123
26.441,87.5,123
26.463,87.5,124
26.484,87.5,124
26.506,87.5,124
26.527,87.5,124
26.548,87.5,124
26.569,100,120
26.591,100,123
26.612,112.5,118
26.634,112.5,121
26.655,112.5,121
26.676,100,126
26.697,100,122
26.719,100,122
26.74,100,122
26.762,87.5,127
26.783,87.5,124
26.804,87.5,124
26.825,87.5,124
26.847,87.5,124
26.868,87.5,124
26.89,100,120
26.911,100,123
26.932,100,123
26.953,100,123
26.975,100,123
26.996,100,123
27.018,100,123
27.039,100,123
27.06,87.5,128
27.081,100,120
27.103,87.5,128
27.124,87.5,125
27.146,87.5,125
27.167,100,121
27.188,100,124
27.209,100,124
27.231,100,124
27.252,112.5,119
27.274,112.5,122
27.295,100,127
27.316,100,123
27.337,100,123
27.359,100,123
27.38,87.5,128
27.402,87.5,125
27.423,87.5,125
27.444,87.5,125
27.465,100,121
27.487,100,124
27.508,100,124
27.53,100,124
27.551,100,124
27.572,100,124
27.593,100,124
27.615,100,124
27.636,100,124
27.658,100,124
27.679,100,124
27.7,87.5,128
27.721,100,121
27.743,100,124
27.764,100,124
27.786,87.5,129
27.807,100,121
27.828,100,124
27.849,112.5,120
27.871,112.5,123
27.892,112.5,123
27.914,112.5,122
27.935,112.5,122
27.956,87.5,131
27.977,100,121
27.999,100,124
28.02,87.5,128
28.042,87.5,125
28.063,87.5,125
28.084,87.5,125
28.105,100,121
28.127,100,124
28.148,100,124
28.17,100,124
28.191,100,124
28.212,87.5,129
28.233,100,121
28.255,100,124
28.276,100,124
28.298,100,124
28.319,100,124
28.34,87.5,129
28.361,100,121
28.383,100,124
28.404,100,124
28.426,100,124
28.447,112.5,120
28.468,100,127
28.489,112.5,120
28.511,112.5,123
28.532,112.5,123
28.554,100,127
28.575,100,124
28.596,87.5,128
28.617,87.5,125
28.639,100,121
28.66,100,124
28.682,87.5,129
28.703,87.5,126
28.724,87.5,126
28.745,100,121
28.767,100,125
28.788,100,125
28.81,112.5,120
28.831,112.5,123
28.852,100,127
28.873,100,124
28.895,100,124
28.916,100,124
28.938,100,124
28.959,87.5,129
28.98,87.5,126
29.001,100,121
29.023,100,125
29.044,100,125
29.066,100,125
29.087,112.5,120
29.108,112.5,123
29.129,112.5,123
29.151,112.5,123
29.172,112.5,123
29.194,112.5,123
29.215,100,127
29.236,87.5,128
29.257,100,121
29.279,87.5,128
29.3,87.5,125
29.322,100,121
29.343,100,124
29.364,100,124
29.385,112.5,120
29.407,112.5,123
29.428,112.5,123
29.45,100,127
29.471,100,124
29.492,100,124
29.513,100,124
29.535,100,124
29.556,100,124
29.578,100,124
29.599,100,124
29.62,100,124
29.641,100,124
29.663,100,124
29.684,100,124
29.706,112.5,119
29.727,112.5,122
29.748,112.5,122
29.769,100,127
29.791,100,123
29.812,100,123
29.834,100,123
29.855,87.5,128
29.876,87.5,125
29.897,100,121
29.919,87.5,128
29.94,100,121
29.962,100,124
29.983,100,124
30.004,100,124
30.025,112.5,119
30.047,112.5,122
30.068,100,127
30.09,100,124
30.111,100,124
30.132,87.5,128
30.153,100,121
30.175,100,124
30.196,100,124
30.218,100,124
30.239,100,124
30.26,100,124
30.281,112.5,119
30.303,112.5,122
30.324,112.5,122
30.346,112.5,122
30.367,112.5,122
30.388,87.5,131
30.409,100,120
30.431,100,123
30.452,100,123
30.474,87.5,128
30.495,100,120
30.516,100,123
30.537,100,123
30.559,100,123
30.58,100,123
30.602,100,123
30.623,100,123
30.644,100,123
30.665,100,123
30.687,100,123
30.708,100,123
30.73,112.5,119
30.751,100,126
30.772,87.5,128
30.793,100,120
30.815,100,123
30.836,100,123
30.858,100,123
30.879,112.5,119
30.9,100,126
30.921,112.5,119
30.943,112.5,122
30.964,112.5,122
30.986,100,126
31.007,100,123
31.028,100,123
31.049,100,123
31.071,100,123
31.092,100,123
31.114,100,123
31.135,112.5,118
31.156,100,126
31.177,112.5,118
31.199,112.5,121
31.22,100,126
31.242,100,122
31.263,100,122
31.284,100,122
31.305,100,122
31.327,100,122
31.348,100,122
31.37,100,122
31.391,100,122
31.412,100,122
31.433,112.5,118
31.455,112.5,121
31.476,112.5,121
31.498,112.5,121
31.519,112.5,121
31.54,112.5,120
31.561,112.5,120
31.583,112.5,120
31.604,100,125
31.626,100,121
31.647,100,121
31.668,87.5,126
31.689,87.5,123
31.711,100,119
31.732,100,122
31.754,100,122
31.775,100,122
31.796,100,122
31.817,100,122
31.839,100,122
31.86,100,122
31.882,100,122
31.903,100,122
31.924,100,122
31.945,100,122
31.967,100,122
31.988,100,122
32.01,100,122
32.031,100,122
32.052,100,122
32.073,112.5,117
32.095,112.5,120
32.116,112.5,120
32.138,112.5,120
32.159,100,124
32.18,100,121
32.201,100,121
32.223,100,121
32.244,87.5,126
32.266,87.5,123
32.287,87.5,123
32.308,87.5,123
32.329,100,119
32.351,100,122
32.372,100,122
32.394,100,122
32.415,100,122
32.436,87.5,126
32.457,100,119
32.479,100,122
32.5,100,122
32.522,100,122
32.543,100,122
32.564,87.5,126
32.585,100,119
32.607,100,122
32.628,100,122
32.65,112.5,117
32.671,112.5,120
32.692,112.5,120
32.713,112.5,120
32.735,100,125
32.756,100,121
32.778,100,121
32.799,100,121
32.82,100,121
32.841,100,121
32.863,100,121
32.884,100,121
32.906,100,121
32.927,100,121
32.948,87.5,126
32.969,100,118
32.991,100,122
33.012,100,122
33.034,100,122
33.055,100,122
33.076,100,122
33.097,112.5,117
33.119,100,125
33.14,100,121
33.162,100,121
33.183,100,121
33.204,100,121
33.225,112.5,117
33.247,112.5,120
33.268,125,115
33.29,125,118
33.311,125,118
33.332,125,118
33.353,137.5,113
33.375,137.5,116
33.396,150,111
33.418,137.5,118
33.439,137.5,114
33.46,137.5,114
33.481,150,109
33.503,150,112
33.524,150,111
33.546,150,111
33.567,150,110
33.588,150,110
33.609,137.5,114
33.631,150,106
33.652,150,108
33.674,137.5,112
33.695,150,104
33.716,137.5,112
33.737,150,104
33.759,150,106
33.78,150,106
33.802,150,105
33.823,137.5,109
33.844,137.5,106
33.865,150,101
33.887,150,103
33.908,137.5,107
33.93,150,99
33.951,137.5,107
33.972,137.5,103
33.993,150,98
34.015,137.5,105
34.036,137.5,102
34.058,137.5,101
34.079,137.5,101
34.1,125,105
34.121,137.5,97
34.143,137.5,100
34.164,137.5,100
34.186,137.5,99
34.207,137.5,99
34.228,137.5,99
34.249,137.5,98
34.271,137.5,98
34.292,125,102
34.314,137.5,94
34.335,125,101
34.356,125,98
34.377,137.5,93
34.399,125,100
34.42,137.5,93
34.442,137.5,95
34.463,137.5,95
34.484,125,99
34.505,137.5,91
34.527,137.5,94
34.548,137.5,94
34.57,137.5,93
34.591,137.5,93
34.612,125,97
34.633,125,94
34.655,137.5,89
34.676,125,96
34.698,125,93
34.719,125,92
34.74,112.5,97
34.761,125,89
34.783,125,92
34.804,125,92
34.826,125,91
34.847,112.5,96
34.868,112.5,92
34.889,125,88
34.911,125,91
34.932,125,90
34.954,125,90
34.975,112.5,94
34.996,112.5,91
35.017,112.5,91
35.039,112.5,91
35.06,112.5,91
35.082,112.5,91
35.103,112.5,90
35.124,112.5,90
35.145,112.5,90
35.167,112.5,90
35.188,112.5,90
35.21,112.5,90
35.231,112.5,90
35.252,100,94
35.273,112.5,86
35.295,112.5,89
35.316,112.5,89
35.338,100,94
35.359,112.5,86
35.38,100,94
35.401,100,90
35.423,100,90
35.444,112.5,86
35.466,100,93
35.487,87.5,95
35.508,100,87
35.529,100,90
35.551,87.5,95
35.572,100,87
35.594,87.5,95
35.615,87.5,92
35.636,75,97
35.657,87.5,89
35.679,87.5,93
35.7,87.5,93
35.722,87.5,93
35.743,87.5,93
35.764,87.5,93
35.785,100,89
35.807,100,92
35.828,100,92
35.85,87.5,96
35.871,87.5,93
35.892,87.5,93
35.913,87.5,94
35.935,87.5,94
35.956,87.5,94
35.978,87.5,94
35.999,87.5,94
36.02,75,99
36.041,87.5,91
36.063,75,99
36.084,87.5,92
36.106,87.5,95
36.127,87.5,95
36.148,87.5,95
36.169,87.5,95
36.191,87.5,95
36.212,87.5,96
36.234,87.5,96
36.255,87.5,96
36.276,75,100
36.297,87.5,93
36.319,87.5,96
36.34,87.5,96
36.362,87.5,97
36.383,87.5,97
36.404,75,101
36.425,87.5,94
36.447,75,102
36.468,87.5,94
36.49,87.5,98
36.511,100,93
36.532,87.5,101
36.553,87.5,98
36.575,87.5,98
36.596,87.5,98
36.618,87.5,98
36.639,87.5,98
36.66,87.5,98
36.681,87.5,99
36.703,87.5,99
36.724,87.5,99
36.746,87.5,99
36.767,87.5,99
36.788,75,104
36.809,87.5,96
36.831,100,95
36.852,100,98
36.874,100,98
36.895,100,98
36.916,100,98
36.937,100,98
36.959,100,98
36.98,100,98
37.002,100,98
37.023,112.5,94
37.044,112.5,97
37.065,112.5,97
37.087,112.5,96
37.108,125,92
37.13,125,95
37.151,112.5,99
37.172,125,91
37.193,125,94
37.215,125,94
37.236,125,94
37.258,125,93
37.279,125,93
37.3,112.5,97
37.321,125,90
37.343,125,92
37.364,125,92
37.386,137.5,87
37.407,125,95
37.428,112.5,96
37.449,125,88
37.471,125,91
37.492,125,91
37.514,125,90
37.535,125,90
37.556,125,90
37.577,125,90
37.599,125,89
37.62,125,89
37.642,125,89
37.663,125,89
37.684,125,88
37.705,125,88
37.727,125,88
37.748,125,88
37.77,125,87
37.791,125,87
37.812,112.5,91
37.833,125,84
37.855,125,87
37.876,112.5,91
37.898,112.5,88
37.919,112.5,87
37.94,112.5,87
37.961,112.5,87
37.983,112.5,87
38.004,125,82
38.026,125,85
38.047,125,85
38.068,112.5,89
38.089,112.5,86
38.111,125,81
38.132,125,84
38.154,125,84
38.175,112.5,88
38.196,112.5,85
38.217,112.5,85
38.239,112.5,85
38.26,112.5,85
38.282,112.5,85
38.303,112.5,84
38.324,112.5,84
38.345,112.5,84
38.367,112.5,84
38.388,112.5,84
38.41,112.5,84
38.431,112.5,84
38.452,112.5,84
38.473,112.5,83
38.495,112.5,83
38.516,112.5,83
38.538,112.5,83
38.559,112.5,83
38.58,112.5,83
38.601,112.5,83
38.623,100,87
38.644,112.5,79
38.666,112.5,82
38.687,112.5,82
38.708,100,87
38.729,112.5,79
38.751,112.5,82
38.772,112.5,82
38.794,112.5,82
38.815,112.5,82
38.836,100,86
38.857,100,83
38.879,112.5,78
38.9,112.5,81
38.922,112.5,81
38.943,100,86
38.964,100,83
38.985,100,83
39.007,112.5,78
39.028,112.5,81
39.05,112.5,81
39.071,100,85
39.092,100,82
39.113,112.5,78
39.135,100,85
39.156,100,82
39.178,112.5,78
39.199,112.5,81
39.22,100,85
39.241,100,82
39.263,112.5,77
39.284,112.5,80
39.306,112.5,80
39.327,112.5,80
39.348,100,84
39.369,100,81
39.391,100,81
39.412,100,81
39.434,100,81
39.455,100,81
39.476,100,81
39.497,100,81
39.519,100,81
39.54,100,81
39.562,100,81
39.583,100,81
39.604,100,81
39.625,112.5,77
39.647,100,84
39.668,100,81
39.69,112.5,77
39.711,112.5,80
39.732,100,84
39.753,100,81
39.775,100,81
39.796,100,81
39.818,100,81
39.839,100,81
39.86,100,81
39.881,100,81
39.903,100,81
39.924,100,81
39.946,100,81
39.967,112.5,76
39.988,100,84
40.009,100,81
40.031,112.5,76
40.052,100,84
40.074,100,81
40.095,100,81
40.116,112.5,76
40.137,112.5,79
40.159,100,84
40.18,100,80
40.202,100,80
40.223,100,80
40.244,100,80
40.265,112.5,76
40.287,112.5,79
40.308,112.5,79
40.33,100,83
40.351,100,80
40.372,100,80
40.393,100,80
40.415,100,80
40.436,100,80
40.458,100,80
40.479,100,80
40.5,87.5,85
40.521,100,77
40.543,112.5,76
40.564,100,83
40.586,100,80
40.607,100,80
40.628,100,80
40.649,100,80
40.671,100,80
40.692,100,80
40.714,100,80
40.735,100,80
40.756,100,80
40.777,112.5,76
40.799,100,83
40.82,100,80
40.842,100,80
40.863,100,80
40.884,100,80
40.905,112.5,75
40.927,112.5,78
40.948,100,83
40.97,100,80
40.991,100,80
41.012,100,80
41.033,100,80
41.055,100,80
41.076,100,80
41.098,100,80
41.119,100,80
41.14,87.5,84
41.161,100,77
41.183,100,80
41.204,100,80
41.226,100,80
41.247,100,80
41.268,100,80
41.289,100,80
41.311,100,80
41.332,100,80
41.354,100,80
41.375,100,80
41.396,100,80
41.417,112.5,75
41.439,112.5,78
41.46,100,83
41.482,100,80
41.503,100,80
41.524,100,80
41.545,100,80
41.567,100,80
41.588,100,80
41.61,100,80
41.631,100,80
41.652,100,80
41.673,112.5,75
41.695,100,83
41.716,100,79
41.738,100,79
41.759,100,79
41.78,87.5,84
41.801,100,76
41.823,100,80
41.844,100,80
41.866,100,80
41.887,112.5,75
41.908,100,83
41.929,100,79
41.951,112.5,75
41.972,112.5,78
41.994,100,82
42.015,100,79
42.036,100,79
42.057,100,79
42.079,100,79
42.1,100,79
42.122,100,79
42.143,112.5,75
42.164,100,82
42.185,100,79
42.207,112.5,75
42.228,100,82
42.25,100,79
42.271,100,79
42.292,100,79
42.313,100,79
42.335,100,79
42.356,112.5,74
42.378,100,82
42.399,100,79
42.42,87.5,83
42.441,100,76
42.463,100,79
42.484,100,79
42.506,112.5,74
42.527,100,82
42.548,100,79
42.569,100,79
42.591,100,79
42.612,100,79
42.634,100,79
42.655,100,79
42.676,100,79
42.697,112.5,74
42.719,100,82
42.74,100,79
42.762,100,79
42.783,112.5,74
42.804,100,82
42.825,112.5,74
42.847,100,82
42.868,100,78
42.89,112.5,74
42.911,100,81
42.932,100,78
42.953,100,78
42.975,100,78
42.996,112.5,74
43.018,100,81
43.039,100,78
43.06,100,78
43.081,100,78
43.103,100,78
43.124,100,78
43.146,100,78
43.167,100,78
43.188,100,78
43.209,100,78
43.231,100,78
43.252,100,78
43.274,100,78
43.295,100,78
43.316,100,78
43.337,112.5,74
43.359,100,81
43.38,100,78
43.402,100,78
43.423,100,78
43.444,87.5,83
43.465,100,75
43.487,112.5,74
43.508,100,81
43.53,100,78
43.551,87.5,83
43.572,100,75
43.593,112.5,74
43.615,100,81
43.636,100,78
43.658,100,78
43.679,100,78
43.7,87.5,83
43.721,100,75
43.743,100,78
43.764,100,78
43.786,100,78
43.807,100,78
43.828,100,78
43.849,100,78
43.871,100,78
43.892,100,78
43.914,100,78
43.935,100,78
43.956,100,78
43.977,100,78
43.999,100,78
44.02,112.5,74
44.042,100,81
44.063,100,78
44.084,100,78
44.105,112.5,74
44.127,100,81
44.148,100,78
44.17,100,78
44.191,100,78
44.212,87.5,82
44.233,100,75
44.255,112.5,74
44.276,100,81
44.298,100,78
44.319,100,78
44.34,100,78
44.361,100,78
44.383,100,78
44.404,112.5,73
44.426,100,81
44.447,100,78
44.468,100,78
44.489,100,78
44.511,100,78
44.532,100,78
44.554,112.5,73
44.575,100,81
44.596,87.5,82
44.617,100,75
44.639,100,78
44.66,100,78
44.682,100,78
44.703,112.5,73
44.724,100,81
44.745,100,78
44.767,100,78
44.788,112.5,73
44.81,100,81
44.831,100,78
44.852,100,78
44.873,112.5,73
44.895,100,81
44.916,100,77
44.938,100,77
44.959,100,77
44.98,100,77
45.001,100,77
45.023,100,77
45.044,100,77
45.066,100,77
45.087,100,77
45.108,100,77
45.129,112.5,73
45.151,100,80
45.172,87.5,82
45.194,100,74
45.215,112.5,73
45.236,100,80
45.257,100,77
45.279,100,77
45.3,100,77
45.322,100,77
45.343,100,77
45.364,87.5,82
45.385,100,74
45.407,100,77
45.428,100,77
45.45,100,77
45.471,100,77
45.492,100,77
45.513,100,77
45.535,100,77
45.556,100,77
45.578,100,77
45.599,100,77
45.62,100,77
45.641,100,77
45.663,100,77
45.684,87.5,82
45.706,100,74
45.727,100,78
45.748,100,78
45.769,100,78
45.791,100,78
45.812,100,78
45.834,100,78
45.855,100,78
45.876,100,78
45.897,100,78
45.919,100,78
45.94,100,78
45.962,100,78
45.983,100,78
46.004,100,78
46.025,100,78
46.047,100,78
46.068,100,78
46.09,100,78
46.111,100,78
46.132,100,78
46.153,100,78
46.175,100,78
46.196,100,78
46.218,100,78
46.239,100,78
46.26,100,78
46.281,100,78
46.303,100,78
46.324,100,78
46.346,100,78
46.367,100,78
46.388,87.5,82
46.409,100,75
46.431,100,78
46.452,100,78
46.474,100,78
46.495,100,78
46.516,100,78
46.537,100,78
46.559,112.5,73
46.58,100,81
46.602,100,78
46.623,112.5,73
46.644,100,81
46.665,100,77
46.687,100,77
46.708,100,77
46.73,100,77
46.751,100,77
46.772,100,77
46.793,100,77
46.815,100,77
46.836,100,77
46.858,112.5,73
46.879,100,80
46.9,87.5,82
46.921,100,74
46.943,100,77
46.964,100,77
46.986,112.5,73
47.007,100,80
47.028,87.5,82
47.049,100,74
47.071,100,77
47.092,100,77
47.114,100,77
47.135,100,77
47.156,87.5,82
47.177,100,74
47.199,100,78
47.22,100,78
47.242,100,78
47.263,100,78
47.284,87.5,82
47.305,100,75
47.327,100,78
47.348,100,78
47.37,100,78
47.391,112.5,73
47.412,100,81
47.433,100,78
47.455,100,78
47.476,100,78
47.498,100,78
47.519,100,78
47.54,87.5,82
47.561,100,75
47.583,112.5,73
47.604,100,81
47.626,100,78
47.647,112.5,73
47.668,100,81
47.689,100,77
47.711,100,77
47.732,100,77
47.754,100,77
47.775,100,77
47.796,100,77
47.817,100,77
47.839,100,77
47.86,100,77
47.882,100,77
47.903,100,77
47.924,100,77
47.945,100,77
47.967,100,77
47.988,100,77
48.01,100,77
48.031,100,77
48.052,100,77
48.073,100,77
48.095,100,77
48.116,100,77
48.138,100,77
48.159,100,77
48.18,100,77
48.201,100,77
48.223,100,77
48.244,100,77
48.266,100,77
48.287,87.5,82
48.308,100,74
48.329,100,78
48.351,100,78
48.372,100,78
48.394,100,78
48.415,100,78
48.436,100,78
48.457,100,78
48.479,100,78
48.5,100,78
48.522,100,78
48.543,100,78
48.564,100,78
48.585,100,78
48.607,112.5,73
48.628,100,81
48.65,100,77
48.671,100,77
48.692,100,77
48.713,100,77
48.735,100,77
48.756,112.5,73
48.778,100,80
48.799,100,77
48.82,100,77
48.841,100,77
48.863,100,77
48.884,100,77
48.906,100,77
48.927,100,77
48.948,100,77
48.969,100,77
48.991,100,77
49.012,100,77
49.034,100,77
49.055,112.5,73
49.076,100,80
49.097,100,77
49.119,100,77
49.14,100,77
49.162,100,77
49.183,100,77
49.204,100,77
49.225,100,77
49.247,87.5,82
49.268,100,74
49.29,100,77
49.311,100,77
49.332,100,77
49.353,100,77
49.375,100,77
49.396,100,77
49.418,100,77
49.439,100,77
49.46,87.5,82
49.481,100,74
49.503,100,77
49.524,100,77
49.546,100,77
49.567,100,77
49.588,100,77
49.609,100,77
49.631,100,77
49.652,100,77
49.674,100,77
49.695,100,77
49.716,100,77
49.737,100,77
49.759,100,77
49.78,100,77
49.802,100,77
49.823,100,77
49.844,100,77
49.865,100,77
49.887,100,77
49.908,100,77
49.93,100,77
49.951,100,77
49.972,87.5,82
49.993,100,74
50.015,100,78
50.036,100,78
50.058,100,78
50.079,100,78
50.1,100,78
50.121,100,78
50.143,100,78
50.164,112.5,73
50.186,100,81
50.207,100,77
50.228,100,77
50.249,112.5,73
50.271,100,80
50.292,100,77
50.314,100,77
50.335,100,77
50.356,100,77
50.377,100,77
50.399,100,77
50.42,100,77
50.442,100,77
50.463,100,77
50.484,87.5,82
50.505,100,74
50.527,100,77
50.548,100,77
50.57,87.5,82
50.591,100,74
50.612,87.5,82
50.633,100,75
50.655,100,78
50.676,112.5,73
50.698,100,81
50.719,100,78
50.74,100,78
50.761,112.5,73
50.783,100,81
50.804,100,77
50.826,100,77
50.847,100,77
50.868,87.5,82
50.889,100,74
50.911,100,78
50.932,100,78
50.954,100,78
50.975,112.5,73
50.996,100,81
51.017,100,77
51.039,100,77
51.06,100,77
51.082,100,77
51.103,100,77
51.124,100,77
51.145,100,77
51.167,100,77
51.188,100,77
51.21,100,77
51.231,100,77
51.252,87.5,82
51.273,100,74
51.295,100,78
51.316,100,78
51.338,100,78
51.359,112.5,73
51.38,100,81
51.401,100,77
51.423,100,77
51.444,100,77
51.466,100,77
51.487,100,77
51.508,100,77
51.529,100,77
51.551,100,77
51.572,100,77
51.594,100,77
51.615,100,77
51.636,87.5,82
51.657,100,74
51.679,100,78
51.7,100,78
51.722,100,78
51.743,100,78
51.764,100,78
51.785,100,78
51.807,100,78
51.828,100,78
51.85,100,78
51.871,100,78
51.892,87.5,82
51.913,100,75
51.935,100,78
51.956,112.5,73
51.978,100,81
51.999,100,78
52.02,100,78
52.041,100,78
52.063,112.5,73
52.084,100,81
52.106,100,77
52.127,100,77
52.148,100,77
52.169,112.5,73
52.191,100,80
52.212,100,77
52.234,112.5,73
52.255,100,80
52.276,87.5,82
52.297,100,74
52.319,112.5,73
52.34,100,80
52.362,100,77
52.383,100,77
52.404,87.5,82
52.425,100,74
52.447,100,77
52.468,100,77
52.49,100,77
52.511,100,77
52.532,100,77
52.553,100,77
52.575,100,77
52.596,112.5,73
52.618,100,80
52.639,100,77
52.66,100,77
52.681,100,77
52.703,100,77
52.724,100,77
52.746,100,77
52.767,100,77
52.788,100,77
52.809,100,77
52.831,100,77
52.852,100,77
52.874,100,77
52.895,100,77
52.916,100,77
52.937,100,77
52.959,100,77
52.98,100,77
53.002,100,77
53.023,100,77
53.044,100,77
53.065,112.5,73
53.087,100,80
53.108,112.5,73
53.13,100,80
53.151,100,77
53.172,100,77
53.193,100,77
53.215,100,77
53.236,100,77
53.258,100,77
53.279,100,77
53.3,100,77
53.321,100,77
53.343,100,77
53.364,100,77
53.386,100,77
53.407,100,77
53.428,100,77
53.449,100,77
53.471,100,77
53.492,100,77
53.514,100,77
53.535,100,77
53.556,100,77
53.577,100,77
53.599,100,77
53.62,100,77
53.642,100,77
53.663,100,77
53.684,100,77
53.705,100,77
53.727,100,77
53.748,100,77
53.77,100,77
53.791,100,77
53.812,100,77
53.833,100,77
53.855,100,77
53.876,100,77
53.898,100,77
53.919,100,77
53.94,100,77
53.961,87.5,81
53.983,100,74
54.004,100,77
54.026,100,77
54.047,100,77
54.068,100,77
54.089,100,77
54.111,100,77
54.132,100,77
54.154,100,77
54.175,100,77
54.196,87.5,82
54.217,100,74
54.239,100,77
54.26,100,77
54.282,100,77
54.303,100,77
54.324,100,77
54.345,100,77
54.367,100,77
54.388,100,77
54.41,100,77
54.431,112.5,73
54.452,100,80
54.473,100,77
54.495,100,77
54.516,112.5,73
54.538,100,80
54.559,100,77
54.58,100,77
54.601,100,77
54.623,100,77
54.644,112.5,72
54.666,100,80
54.687,100,77
54.708,100,77
54.729,100,77
54.751,100,77
54.772,87.5,81
54.794,100,74
54.815,100,77
54.836,100,77
54.857,100,77
54.879,100,77
54.9,100,77
54.922,100,77
54.943,100,77
54.964,100,77
54.985,100,77
55.007,100,77
55.028,100,77
55.05,100,77
55.071,100,77
55.092,100,77
55.113,100,77
55.135,100,77
55.156,100,77
55.178,112.5,72
55.199,100,80
55.22,87.5,81
55.241,100,74
55.263,112.5,72
55.284,100,80
