Tiempo_s,RPM
0.02,25
0.04,50
0.06,87.5
0.08,100
0.1,112.5
0.121,137.5
0.142,125
0.163,150
0.184,150
0.205,162.5
0.226,162.5
0.247,175
0.268,162.5
0.289,175
0.31,175
0.331,187.5
0.352,175
0.373,175
0.394,175
0.415,187.5
0.436,175
0.457,175
0.478,175
0.499,175
0.521,187.5
0.542,175
0.563,175
0.584,175
0.606,187.5
0.627,187.5
0.649,187.5
0.67,187.5
0.691,175
0.712,187.5
0.734,187.5
0.755,187.5
0.777,175
0.798,187.5
0.819,175
0.84,175
0.862,187.5
0.883,175
0.905,187.5
0.926,175
0.947,175
0.968,187.5
0.99,175
1.011,187.5
1.033,187.5
1.054,187.5
1.075,175
1.096,187.5
1.118,187.5
1.139,175
1.161,187.5
1.182,187.5
1.203,175
1.224,187.5
1.246,187.5
1.267,187.5
1.289,175
1.31,187.5
1.331,175
1.352,187.5
1.374,187.5
1.395,187.5
1.417,187.5
1.438,187.5
1.459,175
1.48,187.5
1.502,187.5
1.523,187.5
1.545,187.5
1.566,187.5
1.587,187.5
1.608,187.5
1.63,187.5
1.651,187.5
1.673,187.5
1.694,187.5
1.715,175
1.736,175
1.758,187.5
1.779,187.5
1.801,187.5
1.822,187.5
1.843,175
1.864,187.5
1.886,187.5
1.907,187.5
1.929,175
1.95,187.5
1.971,175
1.992,187.5
2.014,187.5
2.035,187.5
2.057,187.5
2.078,187.5
2.099,175
2.12,175
2.142,187.5
2.163,187.5
2.185,175
2.206,187.5
2.227,175
2.248,187.5
2.27,175
2.291,187.5
2.313,187.5
2.334,187.5
2.355,187.5
2.376,187.5
2.398,187.5
2.419,187.5
2.441,175
2.462,187.5
2.483,175
2.504,187.5
2.526,187.5
2.547,187.5
2.569,187.5
2.59,187.5
2.611,175
2.632,187.5
2.654,187.5
2.675,187.5
2.697,187.5
2.718,187.5
2.739,175
2.76,187.5
2.782,187.5
2.803,187.5
2.825,187.5
2.846,187.5
2.867,175
2.888,187.5
2.91,187.5
2.931,187.5
2.953,187.5
2.974,175
2.995,187.5
3.016,187.5
3.038,187.5
3.059,187.5
3.081,187.5
3.102,187.5
3.123,175
3.144,187.5
3.166,187.5
3.187,187.5
3.209,200
3.23,187.5
3.251,175
3.272,187.5
3.294,175
3.315,187.5
3.337,187.5
3.358,187.5
3.379,175
3.4,187.5
3.422,187.5
3.443,187.5
3.465,187.5
3.486,187.5
3.507,187.5
3.528,187.5
3.55,187.5
3.571,187.5
3.593,187.5
3.614,187.5
3.635,175
3.656,187.5
3.678,187.5
3.699,187.5
3.721,187.5
3.742,187.5
3.763,187.5
3.784,187.5
3.806,187.5
3.827,187.5
3.849,187.5
3.87,187.5
3.891,175
3.912,187.5
3.934,187.5
3.955,187.5
3.977,187.5
3.998,187.5
4.019,187.5
4.04,187.5
4.062,187.5
4.083,187.5
4.105,175
4.126,187.5
4.147,175
4.168,187.5
4.19,187.5
4.211,187.5
4.233,187.5
4.254,187.5
4.275,175
4.296,187.5
4.318,187.5
4.339,187.5
4.361,187.5
4.382,187.5
4.403,175
4.424,187.5
4.446,187.5
4.467,187.5
4.489,187.5
4.51,187.5
4.531,175
4.552,175
4.574,187.5
4.595,187.5
4.617,187.5
4.638,187.5
4.659,175
4.68,187.5
4.702,187.5
4.723,187.5
4.745,187.5
4.766,187.5
4.787,187.5
4.808,187.5
4.83,187.5
4.851,187.5
4.873,187.5
4.894,187.5
4.915,175
4.936,187.5
4.958,175
4.979,187.5
5.001,187.5
5.022,187.5
5.043,187.5
5.064,187.5
5.086,187.5
5.107,187.5
5.129,187.5
5.15,187.5
5.171,175
5.192,187.5
5.214,187.5
5.235,187.5
5.257,187.5
5.278,187.5
5.299,175
5.32,187.5
5.342,187.5
5.363,187.5
5.385,187.5
5.406,187.5
5.427,175
5.448,187.5
5.47,175
5.491,187.5
5.513,187.5
5.534,187.5
5.555,175
5.576,187.5
5.598,175
5.619,187.5
5.641,187.5
5.662,175
5.683,175
5.704,187.5
5.726,187.5
5.747,175
5.769,187.5
5.79,187.5
5.811,175
5.832,175
5.854,187.5
5.875,187.5
5.897,187.5
5.918,187.5
5.939,175
5.96,187.5
5.982,175
6.003,187.5
6.025,187.5
6.046,175
6.067,175
6.088,187.5
6.11,187.5
6.131,187.5
6.153,187.5
6.174,187.5
6.195,175
6.216,187.5
6.238,187.5
6.259,187.5
6.281,187.5
6.302,187.5
6.323,175
6.344,187.5
6.366,187.5
6.387,187.5
6.409,187.5
6.43,187.5
6.451,175
6.472,187.5
6.494,175
6.515,187.5
6.537,187.5
6.558,175
6.579,175
6.6,187.5
6.622,187.5
6.643,187.5
6.665,187.5
6.686,187.5
6.707,187.5
6.728,187.5
6.75,187.5
6.771,187.5
6.793,187.5
6.814,187.5
6.835,175
6.856,187.5
6.878,187.5
6.899,187.5
6.921,175
6.942,187.5
6.963,175
6.984,187.5
7.006,187.5
7.027,187.5
7.049,187.5
7.07,187.5
7.091,187.5
7.112,187.5
7.134,187.5
7.155,187.5
7.177,187.5
7.198,187.5
7.219,175
7.24,187.5
7.262,187.5
7.283,187.5
7.305,200
7.326,187.5
7.347,175
7.368,187.5
7.39,187.5
7.411,187.5
7.433,187.5
7.454,187.5
7.475,175
7.496,187.5
7.518,187.5
7.539,187.5
7.561,187.5
7.582,187.5
7.603,175
7.624,187.5
7.646,175
7.667,187.5
7.689,187.5
7.71,175
7.731,175
7.752,187.5
7.774,187.5
7.795,187.5
7.817,187.5
7.838,187.5
7.859,175
7.88,187.5
7.902,187.5
7.923,175
7.945,187.5
7.966,187.5
7.987,187.5
8.008,187.5
8.03,187.5
8.051,175
8.073,187.5
8.094,187.5
8.115,187.5
8.136,187.5
8.158,187.5
8.179,187.5
8.201,187.5
8.222,187.5
8.243,187.5
8.264,187.5
8.286,187.5
8.307,187.5
8.329,187.5
8.35,187.5
8.371,175
8.392,187.5
8.414,187.5
8.435,187.5
8.457,175
8.478,187.5
8.499,175
8.52,187.5
8.542,187.5
8.563,187.5
8.585,187.5
8.606,187.5
8.627,175
8.648,187.5
8.67,187.5
8.691,187.5
8.713,187.5
8.734,187.5
8.755,187.5
8.776,187.5
8.798,187.5
8.819,187.5
8.841,187.5
8.862,187.5
8.883,175
8.904,200
8.926,187.5
8.947,187.5
8.969,187.5
8.99,187.5
9.011,175
9.032,175
9.054,187.5
9.075,187.5
9.097,175
9.118,187.5
9.139,175
9.16,187.5
9.182,187.5
9.203,187.5
9.225,187.5
9.246,187.5
9.267,175
9.288,187.5
9.31,175
9.331,187.5
9.353,187.5
9.374,187.5
9.395,175
9.416,187.5
9.438,187.5
9.459,187.5
9.481,187.5
9.502,187.5
9.523,175
9.544,187.5
9.566,187.5
9.587,175
9.609,187.5
9.63,187.5
9.651,175
9.672,187.5
9.694,187.5
9.715,187.5
9.737,187.5
9.758,187.5
9.779,175
9.8,175
9.822,187.5
9.843,187.5
9.865,187.5
9.886,187.5
9.907,175
9.928,187.5
9.95,187.5
9.971,187.5
9.993,200
